Date,Open,High,Low,Close,
2026-07-29,242.322581218415,179.01673460321,175.317418781585,208.611261176209,
2026-07-30,208.611261176209,175.676913422558,173.659104792581,183.875710557006,
2026-07-31,183.875710557006,187.783765202421,175.862459043705,186.113854612095,
2026-08-03,186.113854612095,232.824964735936,191.227955794969,198.151126784028,
2026-08-04,198.151126784028,233.323618592769,227.131033486977,229.821444993614,
2026-08-05,229.821444993614,231.444969178653,195.507101682679,227.374562114733,
2026-08-06,227.374562114733,204.436484700394,170.017771977564,206.84857777531,
2026-08-07,206.84857777531,168.788532237463,158.792261898151,168.475424001777,
2026-08-10,168.475424001777,201.931618814905,189.500062198034,197.2813816849,
2026-08-11,197.2813816849,233.706306436386,201.885232409618,222.66634197812,
2026-08-12,222.66634197812,193.640048869884,179.225473427001,192.700724162826,
